{
  "version": 1,
  "license": "CC-BY-NC-SA-3.0",
  "copyright": "Goonstation, taken at commit 39ddf6bbd54c9f27fe49f5cea1a3119738b09596",
  "size": {
    "x": 32,
    "y": 32
  },
  "states": [
    {
      "name": "inhand-left",
      "directions": 4
    },
    {
      "name": "inhand-left-active",
      "directions": 4
    },
    {
      "name": "inhand-right",
      "directions": 4
    },
    {
      "name": "inhand-right-active",
      "directions": 4
    },
    {
      "name": "icon"
    },
    {
      "name": "icon-active"
    }
  ]
}
